ID,Name,Text,Seq
A0A009IHW8,2' cyclic ADP-D-ribose synthase AbTIR,"NAD(+) hydrolase (NADase) that catalyzes cleavage of NAD(+) into ADP-D-ribose (ADPR) and nicotinamide. In addition to ADPR, also generates a cyclization variant of cyclic ADPR (cADPR), termed 2'cADPR (v-cADPR) (PubMed:29395922, PubMed:36048923). Cleaves NADP(+), but does not cyclize the product",MSLEQKKGADIISKILQIQNSIGKTTSPSTLKTKLSEISRKEQENARIQSKLSDLQKKKIDIDNKLLKEKQNLIKEEILERKKLEVLTKKQQKDEIEHQKKLKREIDAIKASTQYITDVSISSYNNTIPETEPEYDLFISHASEDKEDFVRPLAETLQQLGVNVWYDEFTLKVGDSLRQKIDSGLRNSKYGTVVLSTDFIKKDWTNYELDGLVAREMNGHKMILPIWHKITKNDVLDYSPNLADKVALNTSVNSIEEIAHQLADVILNR
A0A011QK89,L-2-hydroxyglutarate dehydrogenase,"Catalyzes the dehydrogenation of L-2-hydroxyglutarate (L2HG or(S)-2-hydroxyglutarate) to 2-oxoglutarate (alpha-ketoglutarate) (By similarity). Also displays some oxidase activity in vitro on L-2-hydroxyglutarate with O2 as the electron acceptor, but this activity is most likely not physiological",MESIEAVVIGAGVVGLACARELARRGFETVILERHGAFGTETSARNSEVIHAGLYYPTDSLKARLCVAGRQQLYAFCATHAISHQRCGKLVVATSPAQESRLAALQKQGEANGVDDLQRLSAAEARALEPGLACTAALLSPSTGIVDSHGLMLALLGDAETAGAALALHSPLLRGSLDANTPGIVLESGGADGLRFKARRVINAAGLWAPQVAASLAGFPRTLIPANFHAKGSYYALTGRTPFSRLVYPLPEAGGLGVHLTLDLGGQARFGPDVEWLPDPTPGQPIDEPDYRVDPARADAFYAEIRRYWPALPDAALTPAYAGIRPKIVGPGAPAADFLIQGPAQHGIAGLVNLFGIESPGLTACLAIAERAADAADGTRERQFRAHG
A0A0B4J1V7,Probable non-functional immunoglobulin heavy variable 7-81,"Probable non-functional open reading frame (ORF) of V region of the variable domain of immunoglobulin heavy chains. Non-functional ORF generally cannot participate in the synthesis of a productive immunoglobulin chain due to altered V-(D)-J or switch recombination and/or splicing site (at mRNA level) and/or conserved amino acid change (protein level). Immunoglobulins, also known as antibodies, are membrane-bound or secreted glycoproteins produced by B lymphocytes. In the recognition phase of humoral immunity, the membrane-bound immunoglobulins serve as receptors which, upon binding of a specific antigen, trigger the clonal expansion and differentiation of B lymphocytes into immunoglobulins-secreting plasma cells. Secreted immunoglobulins mediate the effector phase of humoral immunity, which results in the elimination of bound antigens (PubMed:22158414, PubMed:20176268). The antigen binding site is formed by the variable domain of one heavy chain, together with that of its associated light chain. Thus, each immunoglobulin has two antigen binding sites with remarkable affinity for a particular antigen. The variable domains are assembled by a process called V-(D)-J rearrangement and can then be subjected to somatic hypermutations which, after exposure to antigen and selection, allow affinity maturation for a particular antigen (PubMed:20176268, PubMed:17576170)",MDWTWSILFLVAAATGTYSQVQLVQSGHEVKQPGASVKVSCKASGYSFTTYGMNWVPQAPGQGLEWMGWFNTYTGNPTYAQGFTGRFVFSMDTSASTAYLQISSLKAEDMAMYYCAR
A0A075B6H9,Immunoglobulin lambda variable 4-69,"V region of the variable domain of immunoglobulin light chains that participates in the antigen recognition. Immunoglobulins, also known as antibodies, are membrane-bound or secreted glycoproteins produced by B lymphocytes. In the recognition phase of humoral immunity, the membrane-bound immunoglobulins serve as receptors which, upon binding of a specific antigen, trigger the clonal expansion and differentiation of B lymphocytes into immunoglobulins-secreting plasma cells. Secreted immunoglobulins mediate the effector phase of humoral immunity, which results in the elimination of bound antigens (PubMed:20176268, PubMed:22158414). The antigen binding site is formed by the variable domain of one heavy chain, together with that of its associated light chain. Thus, each immunoglobulin has two antigen binding sites with remarkable affinity for a particular antigen. The variable domains are assembled by a process called V-(D)-J rearrangement and can then be subjected to somatic hypermutations which, after exposure to antigen and selection, allow affinity maturation for a particular antigen (PubMed:17576170, PubMed:20176268)",MAWTPLLFLTLLLHCTGSLSQLVLTQSPSASASLGASVKLTCTLSSGHSSYAIAWHQQQPEKGPRYLMKLNSDGSHSKGDGIPDRFSGSSSGAERYLTISSLQSEDEADYYCQTWGTGI
A0A075B6I0,Immunoglobulin lambda variable 8-61,"V region of the variable domain of immunoglobulin light chains that participates in the antigen recognition. Immunoglobulins, also known as antibodies, are membrane-bound or secreted glycoproteins produced by B lymphocytes. In the recognition phase of humoral immunity, the membrane-bound immunoglobulins serve as receptors which, upon binding of a specific antigen, trigger the clonal expansion and differentiation of B lymphocytes into immunoglobulins-secreting plasma cells. Secreted immunoglobulins mediate the effector phase of humoral immunity, which results in the elimination of bound antigens (PubMed:20176268, PubMed:22158414). The antigen binding site is formed by the variable domain of one heavy chain, together with that of its associated light chain. Thus, each immunoglobulin has two antigen binding sites with remarkable affinity for a particular antigen. The variable domains are assembled by a process called V-(D)-J rearrangement and can then be subjected to somatic hypermutations which, after exposure to antigen and selection, allow affinity maturation for a particular antigen (PubMed:17576170, PubMed:20176268)",MSVPTMAWMMLLLGLLAYGSGVDSQTVVTQEPSFSVSPGGTVTLTCGLSSGSVSTSYYPSWYQQTPGQAPRTLIYSTNTRSSGVPDRFSGSILGNKAALTITGAQADDESDYYCVLYMGSGI
A0A075B6I1,Immunoglobulin lambda variable 4-60,"V region of the variable domain of immunoglobulin light chains that participates in the antigen recognition. Immunoglobulins, also known as antibodies, are membrane-bound or secreted glycoproteins produced by B lymphocytes. In the recognition phase of humoral immunity, the membrane-bound immunoglobulins serve as receptors which, upon binding of a specific antigen, trigger the clonal expansion and differentiation of B lymphocytes into immunoglobulins-secreting plasma cells. Secreted immunoglobulins mediate the effector phase of humoral immunity, which results in the elimination of bound antigens (PubMed:20176268, PubMed:22158414). The antigen binding site is formed by the variable domain of one heavy chain, together with that of its associated light chain. Thus, each immunoglobulin has two antigen binding sites with remarkable affinity for a particular antigen. The variable domains are assembled by a process called V-(D)-J rearrangement and can then be subjected to somatic hypermutations which, after exposure to antigen and selection, allow affinity maturation for a particular antigen (PubMed:17576170, PubMed:20176268)",MAWTPLLLLFPLLLHCTGSLSQPVLTQSSSASASLGSSVKLTCTLSSGHSSYIIAWHQQQPGKAPRYLMKLEGSGSYNKGSGVPDRFSGSSSGADRYLTISNLQFEDEADYYCETWDSNT
A0A075B6I3,Probable non-functional immunoglobulin lambda variable 11-55,"Probable non-functional open reading frame (ORF) of V region of the variable domain of immunoglobulin light chains. Non-functional ORF generally cannot participate in the synthesis of a productive immunoglobulin chain due to altered V-(D)-J or switch recombination and/or splicing site (at mRNA level) and/or conserved amino acid change (protein level). Immunoglobulins, also known as antibodies, are membrane-bound or secreted glycoproteins produced by B lymphocytes. In the recognition phase of humoral immunity, the membrane-bound immunoglobulins serve as receptors which, upon binding of a specific antigen, trigger the clonal expansion and differentiation of B lymphocytes into immunoglobulins-secreting plasma cells. Secreted immunoglobulins mediate the effector phase of humoral immunity, which results in the elimination of bound antigens (PubMed:22158414, PubMed:20176268). The antigen binding site is formed by the variable domain of one heavy chain, together with that of its associated light chain. Thus, each immunoglobulin has two antigen binding sites with remarkable affinity for a particular antigen. The variable domains are assembled by a process called V-(D)-J rearrangement and can then be subjected to somatic hypermutations which, after exposure to antigen and selection, allow affinity maturation for a particular antigen (PubMed:20176268, PubMed:17576170)",MALTPLLLLLLSHCTGSLSRPVLTQPPSLSASPGATARLPCTLSSDLSVGGKNMFWYQQKLGSSPRLFLYHYSDSDKQLGPGVPSRVSGSKETSSNTAFLLISGLQPEDEADYYCQVYESSAN
A0A075B6I4,Immunoglobulin lambda variable 10-54,"V region of the variable domain of immunoglobulin light chains that participates in the antigen recognition. Immunoglobulins, also known as antibodies, are membrane-bound or secreted glycoproteins produced by B lymphocytes. In the recognition phase of humoral immunity, the membrane-bound immunoglobulins serve as receptors which, upon binding of a specific antigen, trigger the clonal expansion and differentiation of B lymphocytes into immunoglobulins-secreting plasma cells. Secreted immunoglobulins mediate the effector phase of humoral immunity, which results in the elimination of bound antigens (PubMed:20176268, PubMed:22158414). The antigen binding site is formed by the variable domain of one heavy chain, together with that of its associated light chain. Thus, each immunoglobulin has two antigen binding sites with remarkable affinity for a particular antigen. The variable domains are assembled by a process called V-(D)-J rearrangement and can then be subjected to somatic hypermutations which, after exposure to antigen and selection, allow affinity maturation for a particular antigen (PubMed:17576170, PubMed:20176268)",MPWALLLLTLLTHSAVSVVQAGLTQPPSVSKGLRQTATLTCTGNSNIVGNQGAAWLQQHQGHPPKLLSYRNNNRPSGISERFSASRSGNTASLTITGLQPEDEADYYCSALDSSLSA
A0A0B4J276,T cell receptor alpha variable 25,"V region of the variable domain of T cell receptor (TR) alpha chain that participates in the antigen recognition. Alpha-beta T cell receptors are antigen specific receptors which are essential to the immune response and are present on the cell surface of T lymphocytes. Recognize peptide-major histocompatibility (MH) (pMH) complexes that are displayed by antigen presenting cells (APC), a prerequisite for efficient T cell adaptive immunity against pathogens. Binding of alpha-beta TR to pMH complex initiates TR-CD3 clustering on the cell surface and intracellular activation of LCK that phosphorylates the ITAM motifs of CD3G, CD3D, CD3E and CD247 enabling the recruitment of ZAP70. In turn ZAP70 phosphorylates LAT, which recruits numerous signaling molecules to form the LAT signalosome. The LAT signalosome propagates signal branching to three major signaling pathways, the calcium, the mitogen-activated protein kinase (MAPK) kinase and the nuclear factor NF-kappa-B (NF-kB) pathways, leading to the mobilization of transcription factors that are critical for gene expression and essential for T cell growth and differentiation. The T cell repertoire is generated in the thymus, by V-(D)-J rearrangement. This repertoire is then shaped by intrathymic selection events to generate a peripheral T cell pool of self-MH restricted, non-autoaggressive T cells. Post-thymic interaction of alpha-beta TR with the pMH complexes shapes TR structural and functional avidity",MLLITSMLVLWMQLSQVNGQQVMQIPQYQHVQEGEDFTTYCNSSTTLSNIQWYKQRPGGHPVFLIQLVKSGEVKKQKRLTFQFGEAKKNSSLHITATQTTDVGTYFCAG
A0A024RBG1,Diphosphoinositol polyphosphate phosphohydrolase NUDT4B,"Cleaves a beta-phosphate from the diphosphate groups in PP-InsP5 (diphosphoinositol pentakisphosphate), PP-InsP4 and [PP]2-InsP4 (bisdiphosphoinositol tetrakisphosphate), suggesting that it may play a role in signal transduction. Also able to catalyze the hydrolysis of dinucleoside oligophosphate Ap6A, but not Ap5A. The major reaction products are ADP and p4a from Ap6A. Also able to hydrolyze 5-phosphoribose 1-diphosphate. Does not play a role in U8 snoRNA decapping activity. Binds U8 snoRNA",MMKFKPNQTRTYDREGFKKRAACLCFRSEQEDEVLLVSSSRYPDQWIVPGGGMEPEEEPGGAAVREVYEEAGVKGKLGRLLGIFEQNQDRKHRTYVYVLTVTEILEDWEDSVNIGRKREWFKVEDAIKVLQCHKPVHAEYLEKLKLGCSPANGNSTVPSLPDNNALFVTAAQTSGLPSSVR
A0A075B759,Peptidyl-prolyl cis-trans isomerase A-like 4E,PPIases accelerate the folding of proteins. It catalyzes the cis-trans isomerization of proline imidic peptide bonds in oligopeptides (By similarity),MVNSVVFFEITRDGKPLGRISIKLFADKIPKTAENFRALSTGEKGFRYKGSCFHRIIPGFMCQGGDFTRPNGTGDKSIYGEKFDDENLIRKHTGSGILSMANAGPNTNGSQFFICAAKTEWLDGKHVAFGKVKERVNIVEAMEHFGYRNSKTSKKITIADCGQF
A0A087WVF3,TBC1 domain family member 3D,Acts as a GTPase activating protein for RAB5. Does not act on RAB4 or RAB11 (By similarity),MDVVEVAGSWWAQEREDIIMKYEKGHRAGLPEDKGPKPFRSYNNNVDHLGIVHETELPPLTAREAKQIRREISRKSKWVDMLGDWEKYKSSRKLIDRAYKGMPMNIRGPMWSVLLNTEEMKLKNPGRYQIMKEKGKRSSEHIQRIDRDVSGTLRKHIFFRDRYGTKQRELLHILLAYEEYNPEVGYCRDLSHIAALFLLYLPEEDAFWALVQLLASERHSLQGFHSPNGGTVQGLQDQQEHVVATSQPKTMGHQDKKDLCGQCSPLGCLIRILIDGISLGLTLRLWDVYLVEGEQALMPITRIAFKVQQKRLTKTSRCGPWARFCNRFVDTWARDEDTVLKHLRASMKKLTRKQGDLPPPAKPEQGSSASRPVPASRGGKTLCKGDRQAPPGPPARFPRPIWSASPPRAPRSSTPCPGGAVREDTYPVGTQGVPSPALAQGGPQGSWRFLQWNSMPRLPTDLDVEGPWFRHYDFRQSCWVRAISQEDQLAPCWQAEHPAERVRSAFAAPSTDSDQGTPFRARDEQQCAPTSGPCLCGLHLESSQFPPGF
A0AVI4,E3 ubiquitin-protein ligase TM129,"E3 ubiquitin-protein ligase involved in ER-associated protein degradation, preferentially associates with the E2 enzyme UBE2J2. Exploited by viral US11 proteins to mediate HLA class I proteins degradation",MDSPEVTFTLAYLVFAVCFVFTPNEFHAAGLTVQNLLSGWLGSEDAAFVPFHLRRTAATLLCHSLLPLGYYVGMCLAASEKRLHALSQAPEAWRLFLLLAVTLPSIACILIYYWSRDRWACHPLARTLALYALPQSGWQAVASSVNTEFRRIDKFATGAPGARVIVTDTWVMKVTTYRVHVAQQQDVHLTVTESRQHELSPDSNLPVQLLTIRVASTNPAVQAFDIWLNSTEYGELCEKLRAPIRRAAHVVIHQSLGDLFLETFASLVEVNPAYSVPSSQELEACIGCMQTRASVKLVKTCQEAATGECQQCYCRPMWCLTCMGKWFASRQDPLRPDTWLASRVPCPTCRARFCILDVCTVR
A0AVT1,Ubiquitin-like modifier-activating enzyme 6,"Activates ubiquitin by first adenylating its C-terminal glycine residue with ATP, and thereafter linking this residue to the side chain of a cysteine residue in E1, yielding a ubiquitin-E1 thioester and free AMP. Specific for ubiquitin, does not activate ubiquitin-like peptides. Differs from UBE1 in its specificity for substrate E2 charging. Does not charge cell cycle E2s, such as CDC34. Essential for embryonic development. Required for UBD/FAT10 conjugation. Isoform 2 may play a key role in ubiquitin system and may influence spermatogenesis and male fertility",MEGSEPVAAHQGEEASCSSWGTGSTNKNLPIMSTASVEIDDALYSRQRYVLGDTAMQKMAKSHVFLSGMGGLGLEIAKNLVLAGIKAVTIHDTEKCQAWDLGTNFFLSEDDVVNKRNRAEAVLKHIAELNPYVHVTSSSVPFNETTDLSFLDKYQCVVLTEMKLPLQKKINDFCRSQCPPIKFISADVHGIWSRLFCDFGDEFEVLDTTGEEPKEIFISNITQANPGIVTCLENHPHKLETGQFLTFREINGMTGLNGSIQQITVISPFSFSIGDTTELEPYLHGGIAVQVKTPKTVFFESLERQLKHPKCLIVDFSNPEAPLEIHTAMLALDQFQEKYSRKPNVGCQQDSEELLKLATSISETLEEKPDVNADIVHWLSWTAQGFLSPLAAAVGGVASQEVLKAVTGKFSPLCQWLYLEAADIVESLGKPECEEFLPRGDRYDALRACIGDTLCQKLQNLNIFLVGCGAIGCEMLKNFALLGVGTSKEKGMITVTDPDLIEKSNLNRQFLFRPHHIQKPKSYTAADATLKINSQIKIDAHLNKVCPTTETIYNDEFYTKQDVIITALDNVEARRYVDSRCLANLRPLLDSGTMGTKGHTEVIVPHLTESYNSHRDPPEEEIPFCTLKSFPAAIEHTIQWARDKFESSFSHKPSLFNKFWQTYSSAEEVLQKIQSGHSLEGCFQVIKLLSRRPRNWSQCVELARLKFEKYFNHKALQLLHCFPLDIRLKDGSLFWQSPKRPPSPIKFDLNEPLHLSFLQNAAKLYATVYCIPFAEEDLSADALLNILSEVKIQEFKPSNKVVQTDETARKPDHVPISSEDERNAIFQLEKAILSNEATKSDLQMAVLSFEKDDDHNGHIDFITAASNLRAKMYSIEPADRFKTKRIAGKIIPAIATTTATVSGLVALEMIKVTGGYPFEAYKNCFLNLAIPIVVFTETTEVRKTKIRNGISFTIWDRWTVHGKEDFTLLDFINAVKEKYGIEPTMVVQGVKMLYVPVMPGHAKRLKLTMHKLVKPTTEKKYVDLTVSFAPDIDGDEDLPGPPVRYYFSHDTD
A1A4Y4,Immunity-related GTPase family M protein,"Immunity-related GTPase that plays important roles in innate immunity and inflammatory response (PubMed:16888103, PubMed:19165925, PubMed:25891078). Acts as a dynamin-like protein that binds to intracellular membranes and promotes remodeling and trafficking of those membranes (By similarity). Required for clearance of acute protozoan and bacterial infections by interacting with autophagy and lysosome regulatory proteins, thereby promoting the fusion of phagosomes with lysosomes for efficient degradation of cargo including microbes (PubMed:16888103, PubMed:25891078, PubMed:29420192, PubMed:32939830). Regulates selective autophagy, including xenophagy and mitophagy, both directly and indirectly (PubMed:16888103, PubMed:25891078, PubMed:29420192, PubMed:32939830). Directly regulates autophagy by acting as a molecular adapter that promotes the coassembly of the core autophagy machinery to mediate antimicrobial defense: IRGM (1) activates AMPK, which in turn phosphorylates ULK1 and BECN1 to induce autophagy, (2) promotes the coassembly of ULK1 and BECN1, enhancing BECN1-interacting partners and (3) influences the composition of the BECN1 complex, by competing with the negative regulators BCL2 and RUBCN, to trigger autophagy. Also activates autophagy by promoting recruitment of STX17 to autophagosomes. In collaboration with ATG8 proteins, regulate lysosomal biogenesis, a fundamental process for any autophagic pathway, by promoting TFEB dephosphorylation. Also modulates autophagy by assisting with autophagosome formation and preventing lysosomal deacidification (By similarity). While activating autophagy, acts as a key negative regulator of the inflammatory and interferon responses both by (1) promoting mitophagy and (2) mediating autophagy-dependent degradation of effectors of the inflammatory response (PubMed:30612879, PubMed:32715615, PubMed:36221902). Promotes degradation of damaged and IFNG/IFN-gamma-stressed mitochondria via mitophagy, preventing cytosolic release of ligands that activate inflammation. Acts as a suppressor of inflammation by promoting recruitment of inflammation effectors, such as CGAS, RIGI/RIG-I and NLRP3, to autophagosome membranes, leading to their SQSTM1/p62-dependent autophagic degradation (PubMed:30612879, PubMed:32715615). Also directly inhibits assembly of the NLRP3 inflammasome by preventing the association between NLRP3 and PYCARD. Acts as a negative regulator of antiviral innate immune response by suppressing the RIPK2-dependent pro-inflammatory response: mediates recruitment of RIPosomes, composed of RIPK2 and NOD1 or NOD2, to autophagosome membranes, promoting their SQSTM1/p62-dependent autophagic degradation (PubMed:34467632, PubMed:36221902)",MEAMNVEKASADGNLPEVISNIKETLKIVSRTPVNITMAGDSGNGMSTFISALRNTGHEGKASPPTELVKATQRCASYFSSHFSNVVLWDLPGTGSATTTLENYLMEMQFNRYDFIMVASAQFSMNHVMLAKTAEDMGKKFYIVWTKLDMDLSTGALPEVQLLQIRENVLENLQKERVCEY
A2IDD5,Coiled-coil domain-containing protein 78,"Component of the deuterosome, a structure that promotes de novo centriole amplification in multiciliated cells that can generate more than 100 centrioles. Deuterosome-mediated centriole amplification occurs in terminally differentiated multiciliated cells (G1/0) and not in S phase. Essential for centriole amplification and is required for CEP152 localization to the deuterosome",MEHAATTGPRPGPPSRRVENVVLRAKDWLPGAPGGTAVWATSLEAEVPPDLALNKEQQLQISKELVDIQITTHHLHEQHEAEIFQLKSEILRLESRVLELELRGDGTSQGCAVPVESDPRHPRAAAQELRHKAQVPGHSDDHRFQVQPKNTMNPENEQHRLGSGLQGEVKWALEHQEARQQALVTRVATLGRQLQGAREEARAAGQRLATQAVVLCSCQGQLRQAEAENARLQLQLKKLKDEYVLRLQHCAWQAVEHADGAGQAPATTALRTFLEATLEDIRAAHRSREQQLARAARSYHKRLVDLSRRHEELLVAYRAPGNPQAIFDIASLDLEPLPVPLVTDFSHREDQHGGPGALLSSPKKRPGGASQGGTSEPQGLDAASWAQIHQKLRDFSRSTQSWNGSGHSCWSGPRWLKSNFLSYRSTWTSTWAGTSTKS
A2RRP1,NBAS subunit of NRZ tethering complex,Involved in Golgi-to-endoplasmic reticulum (ER) retrograde transport; the function is proposed to depend on its association in the NRZ complex which is believed to play a role in SNARE assembly at the ER. Required for normal embryonic development (By similarity). May play a role in the nonsense-mediated decay pathway of mRNAs containing premature stop codons (By similarity),MAAPESGPALSPGTAEGEEETILYDLLVNTEWPPETEVQPRGNQKHGASFIITKAIRDRLLFLRQYIWYSPAPFLLPDGLVRLVNKQINWHLVLASNGKLLAAVQDQCVEIRSAKDDFTSIIGKCQVPKDPKPQWRRVAWSYDCTLLAYAESTGTVRVFDLMGSELFVISPASSFIGDLSYAIAGLIFLEYKASAQWSAELLVINYRGELRSYLVSVGTNQSYQESHCFSFSSHYPHGINTAIYHPGHRLLLVGGCETAEVGMSKASSCGLSAWRVLSGSPYYKQVTNGGDGVTAVPKTLGLLRMLSVKFYSRQGQEQDGIFKMSLSPDGMLLAAIHFSGKLSIWAIPSLKQQGEWGQNEQPGYDDLNPDWRLSTEKRKKIKDKESFYPLIDVNWWADSAVTLARCSGALTVSSVKTLKNLLGKSCEWFEPSPQVTATHDGGFLSLECEIKLAPKRSRLETRAGEEDEGEEDSDSDYEISAKARYFGYIKQGLYLVTEMERFAPPRKRPRTITKNYRLVSLRSTTPEELYQRKIESEEYEEALSLAHTYGLDTDLVYQRQWRKSAVNVASIQNYLSKIKKRSWVLHECLERVPENVDAAKELLQYGLKGTDLEALLAIGKGADDGRFTLPGEIDIDSISYEELSPPDEEPAKNKKEKELKKRQELLKLVNFSKLTLEQKELCRCRRKLLTYLDRLATYEEILGVPHASEQRYDAEFFKKFRNQNIVLSARTYAQESNVQALEILFTYHGSDLLPHRLAILSNFPETTSPHEYSVLLPEACFNGDSLMIIPWHEHKHRAKDWCEELACRMVVEPNLQDESEFLYAAQPELLRFRMTQLTVEKVMDWYQTRAEEIEHYARQVDCALSLIRLGMERNIPGLLVLCDNLVTLETLVYEARCDVTLTLKELQQMKDIEKLRLLMNSCSEDKYVTSAYQWMVPFLHRCEKQSPGVANELLKEYLVTLAKGDLKFPLKIFQHSKPDLQQKIIPDQDQLMAIALECIYTCERNDQLCLCYDLLECLPERGYGDKTEATTKLHDMVDQLEQILSVSELLEKHGLEKPISFVKNTQSSSEEARKLMVRLTRHTGRKQPPVSESHWRTLLQDMLTMQQNVYTCLDSDACYEIFTESLLCSSRLENIHLAGQMMHCSACSENPPAGIAHKGKPHYRVSYEKSIDLVLAASREYFNSSTNLTDSCMDLARCCLQLITDRPPAIQEELDLIQAVGCLEEFGVKILPLQVRLCPDRISLIKECISQSPTCYKQSTKLLGLAELLRVAGENPEERRGQVLILLVEQALRFHDYKAASMHCQELMATGYPKSWDVCSQLGQSEGYQDLATRQELMAFALTHCPPSSIELLLAASSSLQTEILYQRVNFQIHHEGGENISASPLTSKAVQEDEVGVPGSNSADLLRWTTATTMKVLSNTTTTTKAVLQAVSDGQWWKKSLTYLRPLQGQKCGGAYQIGTTANEDLEKQGCHPFYESVISNPFVAESEGTYDTYQHVPVESFAEVLLRTGKLAEAKNKGEVFPTTEVLLQLASEALPNDMTLALAYLLALPQVLDANRCFEKQSPSALSLQLAAYYYSLQIYARLAPCFRDKCHPLYRADPKELIKMVTRHVTRHEHEAWPEDLISLTKQLHCYNERLLDFTQAQILQGLRKGVDVQRFTADDQYKRETILGLAETLEESVYSIAISLAQRYSVSRWEVFMTHLEFLFTDSGLSTLEIENRAQDLHLFETLKTDPEAFHQHMVKYIYPTIGGFDHERLQYYFTLLENCGCADLGNCAIKPETHIRLLKKFKVVASGLNYKKLTDENMSPLEALEPVLSSQNILSISKLVPKIPEKDGQMLSPSSLYTIWLQKLFWTGDPHLIKQVPGSSPEWLHAYDVCMKYFDRLHPGDLITVVDAVTFSPKAVTKLSVEARKEMTRKAIKTVKHFIEKPRKRNSEDEAQEAKDSKVTYADTLNHLEKSLAHLETLSHSFILSLKNSEQETLQKYSHLYDLSRSEKEKLHDEAVAICLDGQPLAMIQQLLEVAVGPLDISPKDIVQSAIMKIISALSGGSADLGGPRDPLKVLEGVVAAVHASVDKGEELVSPEDLLEWLRPFCADDAWPVRPRIHVLQILGQSFHLTEEDSKLLVFFRTEAILKASWPQRQVDIADIENEENRYCLFMELLESSHHEAEFQHLVLLLQAWPPMKSEYVITNNPWVRLATVMLTRCTMENKEGLGNEVLKMCRSLYNTKQMLPAEGVKELCLLLLNQSLLLPSLKLLLESRDEHLHEMALEQITAVTTVNDSNCDQELLSLLLDAKLLVKCVSTPFYPRIVDHLLASLQQGRWDAEELGRHLREAGHEAEAGSLLLAVRGTHQAFRTFSTALRAAQHWV
A2RTX5,"Threonine--tRNA ligase 2, cytoplasmic","Catalyzes the attachment of threonine to tRNA(Thr) in a two-step reaction: threonine is first activated by ATP to form Thr-AMP and then transferred to the acceptor end of tRNA(Thr). Also edits incorrectly charged tRNA(Thr) via its editing domain, at the post-transfer stage",MAAEALAAEAVASRLERQEEDIRWLWSEVERLRDEQLNAPYSCQAEGPCLTREVAQLRAENCDLRHRLCSLRLCLAEERSRQATLESAELEAAQEAGAQPPPSQSQDKDMKKKKMKESEADSEVKHQPIFIKERLKLFEILKKDHQLLLAIYGKKGDTSNIITVRVADGQTVQGEVWKTTPYQVAAEISQELAESTVIAKVNGELWDLDRPLEGDSSLELLTFDNEEAQAVYWHSSAHILGEAMELYYGGHLCYGPPIENGFYYDMFIEDRAVSSTELSALENICKAIIKEKQPFERLEVSKEILLEMFKYNKFKCRILNEKVNTATTTVYRCGPLIDLCKGPHVRHTGKIKTIKIFKNSSTYWEGNPEMETLQRIYGISFPDNKMMRDWEKFQEEAKNRDHRKIGKEQELFFFHDLSPGSCFFLPRGAFIYNTLTDFIREEYHKRDFTEVLSPNMYNSKLWEASGHWQHYSENMFTFEIEKDTFALKPMNCPGHCLMFAHRPRSWREMPIRFADFGVLHRNELSGTLSGLTRVRRFQQDDAHIFCTVEQIEEEIKGCLQFLQSVYSTFGFSFQLNLSTRPENFLGEIEMWNEAEKQLQNSLMDFGEPWKMNPGDGAFYGPKIDIKIKDAIGRYHQCATIQLDFQLPIRFNLTYVSKDGDDKKRPVIIHRAILGSVERMIAILSENYGGKWPFWLSPRQVMVIPVGPTCEKYALQVSSEFFEEGFMADVDLDHSCTLNKKIRNAQLAQYNFILVVGEKEKIDNAVNVRTRDNKIHGEILVTSAIDKLKNLRKTRTLNAEEAF
A2RU30,Protein TESPA1,"Required for the development and maturation of T-cells, its function being essential for the late stages of thymocyte development (By similarity). Plays a role in T-cell antigen receptor (TCR)-mediated activation of the ERK and NFAT signaling pathways, possibly by serving as a scaffolding protein that promotes the assembly of the LAT signalosome in thymocytes. May play a role in the regulation of inositol 1,4,5-trisphosphate receptor-mediated Ca(2+) release and mitochondrial Ca(2+) uptake via the mitochondria-associated endoplasmic reticulum membrane (MAM) compartment",MEASVLSPTSWEKRRAWLRQSRNWQTQVLEEEAAAALQDVPDPEPSSLDDVFQEGNPINKIEDWLQDCGYSEEGFSEEAGQFIYNGFCSHGTSFEDDLTLGAEATLLAANGKLFSRSFLETARPCQLLDLGCSLASSSMTGGTNKTSSSISEILDKVQEDAEDVLFSLGFGQEDHKDTSRIPARFFTTPSQAKGIDFQLFLKSQVRRIEMEDPCLMLASRFKQVQTLAVTADAFFCLYSYVSKTPVQKFTPSHMFWNCNHPTDVPSIRILSREPEPQSPRDRLRKAISKMCLYTCPRDRPPPPHNTPKRNSLDQVVLEVMDKVKEEKQFLQQDSDLGQFSQEDPVPPAEGKKLPTSPYPCVFCCEEETQQRMSTVLAPSQTLDSNPKVPCCTHSLPIEDPQWSTDPAQIRRELCSLPATNTETHPAKDETFWKRKSRARKSLFQKNLMGRKVKSLDLSITQQKWKQSVDRPELRRSLSQQPQDTFDLEEVQSNSEEEQSQSRWPSRPRHPHHHQTFAGKDS
A0A075F7E9,G-type lectin S-receptor-like serine/threonine-protein kinase LECRK1,"Involved in innate immunity. Required for the expression of defense-related genes PR1A, LOX2 and CHS1 upon biotic stresses. Required for basal resistance to the fungal blast (M.grisea), bacterial blight (O.oryzae pv. oryzae, Xoo) and the herbivorous insect brown planthopper (N.lugens, BPH). May be involved in several defense signaling pathways. Involved in the promotion of seed germination. Required for the expression of alpha-amylase genes during seed germination. Involved in resistance against the brown planthopper (BPH). Member of the BPH3 (BPH resistance locus 3) cluster which contains LECRK1, LECRK2 and LECRK3",MVALLLFPMLLQLLSPTCAQTQKNITLGSTLAPQGPASSWLSPSGDFAFGFRPVEGNTSFYLIAVWFNKISDKTVVWYAKNTDQDPSIVEVPSDSFLQLTNDGALSLKDRSGQEGWNPQVTGVAYASMRDTGNFVLLGADGTTKWQTFDMPSDTILPTQVIPCNKTRNKSLRARLDIDDYSSGRFLLDVQTDGNLALYLVAVPSGSKYQQYWSTDTTGNGSELVFSETGKVYFALTDGTQINISSDAGIGSMADYFHRATLDPDGVFRQYVYPKKANAGILGGETWTALSMQPQNICHAIVSDVGSGVCGFNSYCTFDGTRNQIASCQCPPWYKFFDEQKKYKGCKQDFQPHSCDLEEATALAQFELRPIYGVDWPLSDYEKYEPIGQDDCGRLCVIECFCAMAVYNQSTSTCWKKKLPLSNGNMADYVQRTVLLKVPSSNSSQFMISTSSNKWKRNRKHWVLGSSLILGTSILVNFALISIFLFGTYCRITTKKNIPLSQASSKSQLPLKTFTYKELEKATAGFHEILGAGASGVVYKGQLEDELKTNIAVKTIHKLQPETEKEFMVEVETIGQTFHKNLVRLLGFCNERAERLLVYEFMTNGPLNRLLFDNSRPHWNTRVHIALGVARGFLYLHDECSKQIIHCDIKPQNILLDDNLVAKISDFGLAKLLLTNQTRTKTGIRGTRGYVAPEWFKNIGISTKVDVYSFGVILLELVCCRRNVELEVVDEEQTIVTYWANDCYRSGRIDLLVEGDDEAIYDIKKVERFVTVALWCLQEDPSMRPNMLKVTQMLDGAVAIPSPPDPCSFISSLP
A0A7H0DNE9,B1 kinase,"Essential serine/threonine-protein kinase that plays different role in the viral life cycle. Phosphorylates the host small ribosomal protein RACK1 thereby customizing the ribosomes to a state optimal for viral mRNAs (which contain poly-A leaders) but not for host mRNAs. Facilitates viral DNA replication by inhibiting host BANF1, a cellular host defense responsive to foreign DNA. Phosphorylates host BANF1 on serine and threonine residues; this leads to BANF1 relocalization to the cytoplasm, loss of dimerization and impaired DNA binding activity. Indeed, BANF1 activity depends on its DNA-binding property which is blocked by VPK1-mediated phosphorylation. Required for viral intermediate genes expression, probably by inhibiting host BANF1. Modulates cellular responses via host JUN by two different mechanisms, either by direct phosphorylation or by modulation of upstream JIP1-MAPK complexes. Seems to participate in the accumulation/processing of late proteins and thus in virion maturation. In addition, inhibits B12 repressive activity on viral DNA replication via a phosphorylation-dependent mechanism",MKFQGLVLIDNCKNQWVVGPLIGKGGFGSIYTTNDNNYVVKIEPKANGSLFTEQAFYTRVLKPSVIEEWKKSHNIKHVGLITCKAFGLYKSINVEYRFLVINRLGADLDAVIRANNNRLPERSVMLIGIEILNTIQFMHEQGYSHGDIKASNIVLDQIDKNKLYLVDYGLVSKFMSNGEHVPFIRNPNKMDNGTLEFTPIDSHKGYVVSRRGDLETLGYCMIRWLGGILPWTKISETKNSALVSAAKQKYVNNTATLLMTSLQYAPRELLQYITMVNSLTYFEEPNYDEFRRVLMNGVMKNFC
A0M8S8,Hepatocyte growth factor receptor,"Receptor tyrosine kinase that transduces signals from the extracellular matrix into the cytoplasm by binding to hepatocyte growth factor/HGF ligand. Regulates many physiological processes including proliferation, scattering, morphogenesis and survival. Ligand binding at the cell surface induces autophosphorylation of MET on its intracellular domain that provides docking sites for downstream signaling molecules. Following activation by ligand, interacts with the PI3-kinase subunit PIK3R1, PLCG1, SRC, GRB2, STAT3 or the adapter GAB1. Recruitment of these downstream effectors by MET leads to the activation of several signaling cascades including the RAS-ERK, PI3 kinase-AKT, or PLCgamma-PKC. The RAS-ERK activation is associated with the morphogenetic effects while PI3K/AKT coordinates prosurvival effects. During embryonic development, MET signaling plays a role in gastrulation, development and migration of muscles and neuronal precursors, angiogenesis and kidney formation. In adults, participates in wound healing as well as organ regeneration and tissue remodeling. Promotes also differentiation and proliferation of hematopoietic cells (By similarity)",MKAPAVLAPGILVLLFTLVQKSYGECREALVKSEMNVNMKYQLPNFTAETPIQNVVLHKHHIYLGAVNYIYVLNDKDLQKVAEYKTGPVLEHPDCFPCQDCSHKANLSGGVWKDNINMALLIDTYYDDQLISCGSVHRGTCQRHVLPPSNTADILSKVHCMYSPQADEESSHCPDCVVSALGTKVLISEKGRFINFFVGNTINSSYLTDHSLHSISVRRLKETQDGFKFLTDQSYIDVLPEFRDSYPIKYIHAFESNRFIYFLTVQRETLDAQTFHTRIIRFCSVDSGLHSYMEMPLECILTEKRRKRSTREEVFNILQAAYVSKPGAHLAKQIGANLNDDILYGVFAQSKPDSAEPMNRSAVCAFPIKYVNEFFNKIVNKNNVRCLQHFYGPNHEHCFNRTLLRNSSGCEVRSDEYRTEFTTALQRVDLFMGQFNQVLLTSISTFIKGDLTIANLGTSEGRFMQVVVSRSGSSTPHVNFRLDSHPVSSEAIVEHPLNQNGYTLVVTGKKITKIPLNGLGCEHFQSCSQCLSAPPFVQCGWCHDKCVQLEECPSGTWTQEICLPTIYEVFPTSAPLEGGTMLTVCGWDFGFRRNNKFDLKKTRVFLGNESCTLTLSESTTNMLKCTVGPAVNEHFNISIIISNGRGTAQYSTFSYVDPVITSIFPSYGPKTGGTLLTLTGKYLNSGNSRHISIGGKTCTLKSVSDSILECYTPAQTIPTEFPIKLKIDLANREMNSFSYQEDPIVYAIHPTKSFISGGSTITAVGKNLNSVSVLRMVISVHETRRNFTVACHHRSNSEIICCTTPSLQQLNLQLPLKTKAFFMLDGIHSKYFDLIYVHNPVFKPFEKPVMISIGNENVLEIKGNDIDPEAVKGEVLKVGNKSCETIYSDSEAVLCKVPNDLLKLNNELNIEWKQAVSSTILGKVIVQPDQNFTGLIVGVISISIILLLLLGVFLWLKKRKQIKDLGSELVRYDARVHTPHLDRLVSARSVSPTTEMVSNESVDYRATFPEDQFPNSSQNGSCRQVQYPLTDLSPMLNSGDSDISSPLLQNTVHIDLSALNPELVQAVQHVVIGPSSLIVHFNEVIGRGHFGCVYHGTLLDSDDKKIHCAVKSLNRITDIGEVSQFLTEGIIMKDFSHPNVLSLLGICLRSEGSPLVVLPYMKHGDLRNFIRNETHNPTVKDLIGFGLQVAKGMKYLASKKFVHRDLAARNCMLDEKFTVKVADFGLARDMYDKEYYSVHNKTGAKLPVKWMALESLQTQKFTTKSDVWSFGVLLWELMTRGAPPYPDVNTFDITVYLLQGRRLLQPEYCPDPLYEVMLKCWHPKAELRPSFSELVSRISAIFSTFIGEHYVHVNATYVNVKCVAPYPSLLSSQDNIDGEGDT
A4K2M3,Serine/threonine-protein kinase 4,"Stress-activated, pro-apoptotic kinase which, following caspase-cleavage, enters the nucleus and induces chromatin condensation followed by internucleosomal DNA fragmentation. Key component of the Hippo signaling pathway which plays a pivotal role in organ size control and tumor suppression by restricting proliferation and promoting apoptosis. The core of this pathway is composed of a kinase cascade wherein STK3/MST2 and STK4/MST1, in complex with its regulatory protein SAV1, phosphorylates and activates LATS1/2 in complex with its regulatory protein MOB1, which in turn phosphorylates and inactivates YAP1 oncoprotein and WWTR1/TAZ. Phosphorylation of YAP1 by LATS2 inhibits its translocation into the nucleus to regulate cellular genes important for cell proliferation, cell death, and cell migration. STK3/MST2 and STK4/MST1 are required to repress proliferation of mature hepatocytes, to prevent activation of facultative adult liver stem cells (oval cells), and to inhibit tumor formation. Phosphorylates 'Ser-14' of histone H2B (H2BS14ph) during apoptosis. Phosphorylates FOXO3 upon oxidative stress, which results in its nuclear translocation and cell death initiation. Phosphorylates MOBKL1A, MOBKL1B and RASSF2. Phosphorylates TNNI3 (cardiac Tn-I) and alters its binding affinity to TNNC1 (cardiac Tn-C) and TNNT2 (cardiac Tn-T). Phosphorylates FOXO1 on 'Ser-212' and regulates its activation and stimulates transcription of PMAIP1 in a FOXO1-dependent manner. Phosphorylates SIRT1 and inhibits SIRT1-mediated p53/TP53 deacetylation, thereby promoting p53/TP53 dependent transcription and apoptosis upon DNA damage. Acts as an inhibitor of PKB/AKT1. Phosphorylates AR on 'Ser-650' and suppresses its activity by intersecting with PKB/AKT1 signaling and antagonizing formation of AR-chromatin complexes",METVQLRNPPRRQLKKLDEDSLTKQPEEVFDVLEKLGEGSYGSVYKAIHKETGQIVAIKQVPVESDLQEIIKEISIMQQCDSPHVVKYYGSYFKNTDLWIVMEYCGAGSVSDIIRLRNKTLTEDEIATILQSTLKGLEYLHFMRKIHRDIKAGNILLNTEGQAKLADFGVAGQLTDTMAKRNTVIGTPFWMAPEVIQEIGYNCVADIWSLGITAIEMAEGKPPYADIHPMRAIFMIPTNPPPTFRKPELWSDNFTDFVKQCLVKSPEQRATATQLLQHPFVKSAKGVSILRDLINEAMDVKLKRQESQQREVDQDDEENSEEDEMDSGTMVRAVGDEMGTVRVASTMTDGANTMIEHDDTLPSQLGTMVINTEDEEEEGTMKRRDETMQPAKPSFLEYFEQKEKENQINSFGKSVPGPLKNSSDWKIPQDGDYEFLKSWTVEDLQKRLLALDPMMEQEIEEIRQKYQSKRQPILDAIEAKKRRQQNF
A8C984,Myosin light chain kinase 3,Kinase that phosphorylates MYL2 in vitro (By similarity). Increases cardiomyocyte contractility (By similarity). Required for sarcomere formation in the developing heart,MGTSLYRSTLLSTGGFSVSDYIRKFTKNKPDVNNIQPNVGFCHQSTQTSQQVKEVISAELELQQPEVTLPNDPSSQHSPEAHTGASEPLKPVSAGESSKALQKAKEISVKSSEPTHVQTFAPAVHLEQIDVHNVPKQETNSLVAAPADAKCVIETMTKVEKDIALQQERALERADDSHVANKVFLKSIIPGQQLEKIEDPQQQAEVSLFVDEDSLEKSVPGQHLDKKMEVLQKQAKDLPVVDEDSLNLSAPGQRQLEEKVDVPEKAEKKIDEAHKKMEEVPRKDELCIEKPVIRHAGIKTQHEETMGMETTVPKHDESKCPTETYVEKTENKNADVTLESDKIMICAVSPQNTSLDEDEKSKAAPLRKVESTLLIIDDSPPLPAPFDHRIVSAKQVPINSYYAVNPVEVLGGGRFGQVHKCAELSSGLTLAAKIIKVRGMKERDEVKNEIGVMNQLNHVNLIQLYDAFESRTNLTLIMEYVEGGELFERIIDESYQLTELDAIVFTRQICEGVQYLHQQYILHLDLKPENILCVNSTGNQIKIIDFGLARKYRPREKLKVNFGTPEFLAPEVVNYDFVSFPTDMWSVGVITYMLLSGLSPFMGDNDAETMNNILHAKWEFDTEAFENVSEEAKDFISSLLVSAKCSRLSASGCMKHSWLNNLEDKAKMYKVRLKSQMMLQRYLVAHRQWKKHFYAVAAANRLKRFQQSRSISTPN
A8KBH6,Protein kinase C beta type,"Calcium-activated and phospholipid-dependent serine/threonine-protein kinase involved in various processes such as regulation of the B-cell receptor (BCR) signalosome, apoptosis and transcription regulation. Plays a key role in B-cell activation and function by regulating BCR-induced NF-kappa-B activation and B-cell survival. Required for recruitment and activation of the IKK kinase to lipid rafts and mediates phosphorylation of card11/carma1, leading to activate the NF-kappa-B signaling. Involved in apoptosis following oxidative damage: in case of oxidative conditions, specifically phosphorylates isoform p66Shc of shc1, leading to mitochondrial accumulation of p66Shc, where p66Shc acts as a reactive oxygen species producer. Acts as a coactivator of androgen receptor (andr)-dependent transcription, by being recruited to ANDR target genes and specifically mediating phosphorylation of 'Thr-6' of histone H3 (H3T6ph), a specific tag for epigenetic transcriptional activation (By similarity)",MADPAACEPGEDTTTRFARKGALRQKNVHEVKEHKFTARFFKQPTFCSHCTDFIWGFGKQGFQCQVCCFVVHKRCHEFVTFSCPGADKGPASDDPRSKHKFKIHTYSSPTFCDHCGSLLYGLIHQGMKCETCMMNVHKRCVMNVPSLCGTDHTERRGRIHIKAEIREEVLTVTVGDARNLVPMDPNGLSDPYVKLKLIPDPKSESKQKTKTIKCSLNPTWNESFKFQLKESDKDRRLSVEIWDWDLTSRNDFMGSLSFGISELLKAGVDGWFKLLSQEEGEYFNVPVPPEGEEGNEELRQKFERAKIGPGTKAVEEKVVNPMPKVDNNETRDRMKVSDFNFLKVLGKGSFGKVILAERKGTDELYAIKILKKDVVIQDDDVECTMVEKRVLALSGKPPFLTQLHSCFQTMDRLYFVMEYVNGGDLMYQIQQVGRFKEPHAVFYAAEIAIGLLFLHSKGIVYRDLKLDNVMLDSEGHIKIADFGMCKENMWDGVTTKTFCGTPDYIAPEIIAYQPYAKSVDWWAFGILLYEMLAGQAPFEGEDEDELFQSIMEHNVAYPKSMSKEAVAICKGLMTKHPGKRLGCGPEGERDIKDHAFFRYIDWEKLERNEIQPPYKPKACGRNAENFDKFFTRHPPVLTPPDHEVIRNIDQSEFEGFSYVNSDFAKEEEKD
B0VXL7,Cyclin-dependent kinase 14,"Serine/threonine-protein kinase involved in the control of the eukaryotic cell cycle, whose activity is controlled by an associated cyclin. Acts as a cell-cycle regulator of Wnt signaling pathway during G2/M phase by mediating the phosphorylation of LRP6 at 'Ser-1490', leading to the activation of the Wnt signaling pathway. Acts as a regulator of cell cycle progression and cell proliferation via its interaction with CCDN3. Phosphorylates RB1 in vitro, however the relevance of such result remains to be confirmed in vivo. May also play a role in meiosis, neuron differentiation and may indirectly act as a negative regulator of insulin-responsive glucose transport (By similarity)",MHGYFGCNAAAEPGYSAFLGTPQICVTKMSTRNCQGMDSVIKPLDTIPEDKKVRVQRTQSTFDPFEKPANQVKRVHSENNACINFKTSSTGKESPKVRRHSSPSSPTSPKFGKADSYEKLEKLGEGSYATVYKGKSKVNGKLVALKVIRLQEEEGTPFTAIREASLLKGLKHANIVLLHDIIHTKETLTLVFEYVHTDLCQYMDKHPGGLHPDNVKLFLFQLLRGLSYIHQRYILHRDLKPQNLLISDTGELKLADFGLARAKSVPSHTYSNEVVTLWYRPPDVLLGSTEYSTCLDMWGVGCIFVEMIQGVAAFPGMKDIQDQLERIFLVLGTPNEDTWPGVHSLPHFKPERFTLYSSKNLRQAWNKLSYVNHAEDLASKLLQCSPKNRLSAQAALSHEYFSDLPPRLWELTDMSSIFTIPNVRLQPEAGESMRAFGKNNSYGKSLSNSKH
B2MVY4,Cyclin-dependent kinase 4,"Ser/Thr-kinase component of cyclin D-CDK4 (DC) complexes that phosphorylate and inhibit members of the retinoblastoma (RB) protein family including RB1 and regulate the cell-cycle during G(1)/S transition. Phosphorylation of RB1 allows dissociation of the transcription factor E2F from the RB/E2F complexes and the subsequent transcription of E2F target genes which are responsible for the progression through the G(1) phase. Hypophosphorylates RB1 in early G(1) phase. Cyclin D-CDK4 complexes are major integrators of various mitogenenic and antimitogenic signals. Also a substrate for SMAD3, phosphorylating SMAD3 in a cell-cycle-dependent manner and repressing its transcriptional activity. Component of the ternary complex, cyclin D/CDK4/CDKN1B, required for nuclear translocation and activity of the cyclin D-CDK4 complex (By similarity)",MATSRYEPVAEIGVGAYGTVYKARDPHSGHFVALKSVRVPNGGGAGGGLPISTVREVALLRRLEAFEHPNVVRLMDVCATARTDRETKVTLVFEHVDQDLRTYLDKAPPPGLPVETIKDLMRQFLRGLDFLHANCIVHRDLKPENILVTSGGTVKLADFGLARIYSYQMALTPVVVTLWYRAPEVLLQSTYATPVDMWSVGCIFAEMFRRKPLFCGNSEADQLGKIFDLIGLPPEDDWPRDVSLPRGAFSPRGPRPVQSVVPELEESGAQLLLEMLTFNPHKRISAFRALQHSYLHKAEGDAE
D4A7V9,eIF-2-alpha kinase GCN2,"Metabolic-stress sensing protein kinase that phosphorylates the alpha subunit of eukaryotic translation initiation factor 2 (EIF2S1/eIF-2-alpha) in response to low amino acid availability (By similarity). Plays a role as an activator of the integrated stress response (ISR) required for adaptation to amino acid starvation (By similarity). EIF2S1/eIF-2-alpha phosphorylation in response to stress converts EIF2S1/eIF-2-alpha into a global protein synthesis inhibitor, leading to a global attenuation of cap-dependent translation, and thus to a reduced overall utilization of amino acids, while concomitantly initiating the preferential translation of ISR-specific mRNAs, such as the transcriptional activator ATF4, and hence allowing ATF4-mediated reprogramming of amino acid biosynthetic gene expression to alleviate nutrient depletion (By similarity). Required for the translational induction of protein kinase PRKCH following amino acid starvation (By similarity). Binds uncharged tRNAs (By similarity). Involved in cell cycle arrest by promoting cyclin D1 mRNA translation repression after the unfolded protein response pathway (UPR) activation or cell cycle inhibitor CDKN1A/p21 mRNA translation activation in response to amino acid deprivation (By similarity). Plays a role in the consolidation of synaptic plasticity, learning as well as formation of long-term memory (By similarity). Plays a role in neurite outgrowth inhibition (By similarity). Plays a role in feeding behavior to maintain amino acid homeostasis; contributes to the innate aversion toward diets of imbalanced amino acid composition (PubMed:15051816, PubMed:15774759). Plays a proapoptotic role in response to glucose deprivation (By similarity). Promotes global cellular protein synthesis repression in response to UV irradiation independently of the stress-activated protein kinase/c-Jun N-terminal kinase (SAPK/JNK) and p38 MAPK signaling pathways (By similarity). Plays a role in the antiviral response against alphavirus infection; impairs early viral mRNA translation of the incoming genomic virus RNA, thus preventing alphavirus replication (By similarity)",MAGGRGAAGRGPAEPQESYSQRQDHELQALEAIYGSDFQDLRPDARGRVREPPEINLVLYPQGLAGEEVYVQVELRVKCPPTYPDVVPEIELKNTKGLSNESVNLLKSHLEELAKKQCGEVMIFELAHHVQSFLSEHNKPPPKSFHEEMLERQAQEKQQRLLEARQKEEQEQREILHEIQKRKEEIKEEKKRKEMAKQERLEITSLTNQDHASKRDPAGHRAAAFLHGGSPDFVGNGKARAHSSGRSRRERQYSVCSGEASPGSCDILYFCVGSADQLMVHKGKCVGSDEQLGKVVYNALETATGSFVLLYEWVLQWQKKMGPCLTSQEKEKIDKCKKQIQGAETEFSSLVKLSHPNIVRYFAMNSREEKDSIVVDILAEHISGISLAAHLSHSGPVPMHQLRKYTAQLLAGLDYLHRNSVVHKVLSTASVLVDAEGTVKITDYSISKRLADICKEDVFEQTRVRFSDSALPYKTGKKGDVWRLGLLLLSLSQGQECEEYPVTIPSDLPADFQDFLKKCVCLDDKERWSPQQLLKHSFINPQPKMPLVEQSPEDSGGQDYIETIIPSNQLPSAAFFTETQRQFSRYFIEFEELQLLGKGAFGAVIKVQNKLDGCCYAVKRIPINPASRQFRRIKGEVTLLSRLHHENIVRYYNAWIERHERPAVPGTPPPDYIPQAQNSSATGGKASGDTEELGSVEAAAPPPILSSSVEWSTSAERSNSARFPVTGQDSSSDEEDEDERDGVFSQSFLPASDSDSDIIFDNEDENSKSQNQDEDCNEKDSRHEIEPSVTTEAVHYLYIQMEYCEKSTLRDTIDQGLFRDTSRLWRLFREILDGLAYIHEKGMIHRDLKPVNIFLDSDDHVKIGDFGLATDHLAFNAEGKQDDQAGDHVIKSDPSGHLTGMVGTALYVSPEVQGSTKSAYNQKVDLFSLGIILFEMSYHPMVTASERIFVLNQLRDPTSPKFPDDFEDGEHTKQKSVISWLLNHDPAKRPTAMELLKSELLPPPQMEESELHEVLHHTLANTDGKAYRTMMSQLFCQHSSPAIDYTYDSDILKGNFLIRTAKIQQLVCETIVRVFKRHGAVQLCTPLLLPRNRQIYEHNEAALFMDHSGMLVMLPFDLRVPFARYVARNNILNLKRYCIERVFRPRKLDRFHPKELLECAFDIVTSTANSSLPTAETIYTIYEVIQEFPALQERNYSIYLNHTMLLKAILLHCGIPEDKLSQVYVILYDAVTEKLTRREVEAKFCNLSLSSNSLCRLYKFIEQKGDLQDLTPTINSLIKQKTGIAQLVKYSLKDLEEVVGLLKKLGVKLQVSINLGLVYKVQQHNGIIFQFLAFSKRRQRVVPEILAAGGRYDLLIPKFRGPQALGPVPTAVGVSIAIDKIFAAVLNMGEPVTVSSCDLLVVSAGQMSMSRAINLTQKLWTAGITAEIMYDWSQSQEELQEYCRHHEITYVALVSDKEGSHVKVKSFEKERQTEKRVLESDLVDHVMQKLRTKVGDERNFRDASDNLAVQTLKGSFSNASGLFEIHGTTVVPTVSVISPEKLSASTRRRHEIQVQTRLQTTLANLHQKSSEIEILAVDLPKETILQFLSLEWDADEQAFNTTVKQLLSRLPKQRYLKLVCDEIYNIKVEKKVSVLFLYSYRDDYYRILF
G4NH08,Glycogen synthase kinase 1,"Protein kinase that acts downstream of the MPS1 MAPK cascade as a highly conservative signal modulator that dictates growth, conidiation and pathogenicity. Phosphorylates HAT1 at 'Ser-8' to block its translocation from the nucleus to the cytoplasm where HAT1 positively regulates appressorium development and pathogenicity",MSQNRPAAFNTLRMGEVIREKVQDGITGETRDLQYTQCKIVGNGSFGVVFQTKLSPSNEDAAIKRVLQDKRFKNRELQIMRIVRHPNIVQLKAFYYSNGERKDEVYLNLVQEFVPETVYRASRFFNKMKTTMPILEVKLYIYQLFRALAYIHSQGICHRDIKPQNLLLDPTTGILKLCDFGSAKILVENEPNVSYICSRYYRAPELIFGATNYTTKIDVWSTGCVMAELMLGQPLFPGESGIDQLVEIIKVLGTPTREQIRTMNPNYMEHKFPQIKPHPFNRVLRKADNNAIDLIARLLEYTPTERLGAIDAMVHPFFDDLRNPSTKLPDSRHQTGQVRDLPPLFDFNRHELSIAPQLNHQLVPPHVRPTLAAQGLDIDHFTPMRKEDMLARLD